<levels>
	<level 
		id = "BOMBMAN"
		name = "Bomb Man"
		pic1 = " ó    "
		pic2 = " \Ó   "
		pic3 = "  O\  "
		pic4 = " / \  "
		pic5 = "      "
		color = "6"
		musicKey = "BOMBMAN"
		>
		<segments>
			<segment id ="cyan_l_r">
				<pattern>
					<r>....................</r>
					<r>....................</r>
					<r>....................</r>
					<r>....................</r>
					<r>....................</r>
					<r>................/x\.</r>
					<r>......./x\......\x/.</r>
					<r>.......\x/.......|..</r>
					<r>........|.....1..|..</r>
					<r>--TTT---------------</r>
					<r>..TtT...............</r>
					<r>--TtT---------------</r>
				</pattern>
				<pattern>
					<r>....................</r>
					<r>....................</r>
					<r>....................</r>
					<r>....................</r>
					<r>...../x\....1..TTT..</r>
					<r>.....\x/.------TtT-.</r>
					<r>......|..------TtT..</r>
					<r>....-----------TtT--</r>
					<r>...............TtT--</r>
					<r>---------------TtT--</r>
					<r>...............TtT..</r>
					<r>---------------TtT--</r>
				</pattern>
				<pattern>
					<r>....................</r>
					<r>....................</r>
					<r>....................</r>
					<r>....................</r>
					<r>......../xxx\.......</r>
					<r>........\xxx/.......</r>
					<r>...TTT....|..TTT....</r>
					<r>...TtT....|--TtT....</r>
					<r>---TtT....|..TtT....</r>
					<r>---TtT...----TtT...-</r>
					<r>...TtT...----TtT....</r>
					<r>---TtT.2.....TtT.2.-</r>
				</pattern>
				<pattern>
					<r>....................</r>
					<r>....................</r>
					<r>.......3......./x\..</r>
					<r>...............\x/..</r>
					<r>.../x\..........|..6</r>
					<r>...\x/.........TtT..</r>
					<r>....|TTT...----TtT..</r>
					<r>...--TtT.....3......</r>
					<r>.....TtT............</r>
					<r>-----TtT-------TTT--</r>
					<r>.....TtT-------TtT..</r>
					<r>-----TtT-------TtT--</r>
				</pattern>
				<pattern>
					<r>....................</r>
					<r>.............7......</r>
					<r>....................</r>
					<r>..sTTT--------......</r>
					<r>..sTtT--------../x\.</r>
					<r>..sTtT..........\x/.</r>
					<r>..sTtT..---------TTT</r>
					<r>..sTtT..............</r>
					<r>..sTtT.........3....</r>
					<r>---TtT-----------TTT</r>
					<r>...TtT-----------TtT</r>
					<r>---TtT...........TtT</r>
				</pattern>
				<pattern>
					<r>.........TtT........</r>
					<r>.........TtT....33..</r>
					<r>.........TtT........</r>
					<r>.....TTT.TtT........</r>
					<r>..s--TtT.TTT........</r>
					<r>..s..TtT............</r>
					<r>..s--TtT.TTT--------</r>
					<r>..s..TtT.TTT--------</r>
					<r>..s--TtT............</r>
					<r>-----TtT------------</r>
					<r>.....TtT............</r>
					<r>-----TtT------------</r>
				</pattern>
				<pattern>
					<r>........------TttT--</r>
					<r>..............TttT--</r>
					<r>........------TttT..</r>
					<r>..............TttT--</r>
					<r>........------TttT--</r>
					<r>..7.....------TttT--</r>
					<r>.-------------TttT..</r>
					<r>.-------------TTTT..</r>
					<r>....................</r>
					<r>--------------TTTT--</r>
					<r>..............TttT..</r>
					<r>--------------TttT--</r>
				</pattern>				
			</segment>
			<segment id ="start">
				<pattern>
					<r>....................</r>
					<r>....................</r>
					<r>....................</r>
					<r>....................</r>
					<r>............../xxx\.</r>
					<r>..............\xxx/.</r>
					<r>....../x\.......|...</r>
					<r>......\x/.......|...</r>
					<r>..S....|........|...</r>
					<r>--TTT---------------</r>
					<r>..TtT...............</r>
					<r>--TtT---------------</r>
				</pattern>
			</segment>
			<segment id ="cyan_l_u">
				<pattern>
					<r>..s..............s--</r>
					<r>..s..............s--</r>
					<r>..s.......5......s--</r>
					<r>..s....--------TTT--</r>
					<r>..---......----TtT..</r>
					<r>......-......--TtT--</r>
					<r>..............-TtT--</r>
					<r>.....-.........TtT--</r>
					<r>............---TtT..</r>
					<r>---------------TtT--</r>
					<r>...............TtT..</r>
					<r>---------------TtT--</r>
				</pattern>
			</segment>
			<segment id ="cyan_d_u">
				<pattern>
					<r>..s.........---.-s.-</r>
					<r>..s..............s.-</r>
					<r>..s..............s.-</r>
					<r>..s................-</r>
					<r>..s........----....-</r>
					<r>..s...7.............</r>
					<r>................-s--</r>
					<r>4................s..</r>
					<r>.............5...s--</r>
					<r>.-s-..-...-------s..</r>
					<r>P-s-PP-PP........s--</r>
					<r>--s--------------s..</r>
				</pattern>
				<pattern>
					<r>..s.........-----s--</r>
					<r>..s............--s--</r>
					<r>..s..............s--</r>
					<r>..--TTT----s-..-----</r>
					<r>....TtT4...s-......-</r>
					<r>....TtT....s-TTT....</r>
					<r>....TtT....s-TTT-s--</r>
					<r>....TTT4...s.TTT-s--</r>
					<r>...........s-TTT-s..</r>
					<r>...........s....-s--</r>
					<r>PPsPPP-PP..--TTT-s--</r>
					<r>--s----------TTT-s--</r>
				</pattern>
			</segment>
			<segment id ="cyan_d_r">
				<pattern>
					<r>....................</r>
					<r>....................</r>
					<r>....................</r>
					<r>.................6..</r>
					<r>....................</r>
					<r>........./x\........</r>
					<r>.....7...\x/../x\...</r>
					<r>..........|...\x/6..</r>
					<r>..........|....|....</r>
					<r>..s-----TTT---------</r>
					<r>..s-----TtT.........</r>
					<r>..s-----TtT---------</r>
				</pattern>
				<pattern>
					<r>....................</r>
					<r>....................</r>
					<r>....................</r>
					<r>.............7......</r>
					<r>....................</r>
					<r>..................6.</r>
					<r>...../x\..-...-..-..</r>
					<r>.....\x/............</r>
					<r>......|.-.........6.</r>
					<r>..sTTT|.............</r>
					<r>..sTtTPPPPPPPPPPPPPP</r>
					<r>..sTtT--------------</r>
				</pattern>
			</segment>
			<segment id ="cyan_gate">
				<pattern>
					<r>.................XXX</r>
					<r>................4XXX</r>
					<r>.................XXX</r>
					<r>...7.............XWX</r>
					<r>.................XXX</r>
					<r>....../xxx\........D</r>
					<r>......\xxx/.....6..D</r>
					<r>........|..........D</r>
					<r>........|...4TTT----</r>
					<r>-------------TtT----</r>
					<r>-------------TtT----</r>
					<r>-------------TtT----</r>
				</pattern>
			</segment>
			<segment id ="bombmanLair_l_d">
				<pattern>
					<r>                    </r>
					<r>                    </r>
					<r>---------------TtT  </r>
					<r>---------------TtT  </r>
					<r>***************TtT  </r>
					<r>***************TtT  </r>
					<r>***************TtT  </r>
					<r>***************TtT  </r>
					<r>----TtT****s***TtT  </r>
					<r>----TtT****s***TtT  </r>
					<r>    TtT****s***TtT  </r>
					<r>    TtT****s***TtT  </r>
				</pattern>
			</segment>
			<segment id ="bombmanLair_u_d">
				<pattern>
					<r>    TtT****s***TtT  </r>
					<r>    TtT****s***TtT  </r>
					<r>    TtT****s***TtT  </r>
					<r>    TtT****s***TtT  </r>
					<r>    TtT****s***TtT  </r>
					<r>    TtT****s***TtT  </r>
					<r>    TtT****s***TtT  </r>
					<r>    TtT****s***TtT  </r>
					<r>    TtT****s***TtT  </r>
					<r>    TtT****s***TtT  </r>
					<r>    TtT****s***TtT  </r>
					<r>    TtT****s***TtT  </r>
				</pattern>
			</segment>
			<segment id ="bombmanLair">
				<pattern>
					<r>T---TtT********TtT-T</r>
					<r>T---TTT********TTT-T</r>
					<r>T******************T</r>
					<r>T******************T</r>
					<r>T******************T</r>
					<r>T******************T</r>
					<r>T******************T</r>
					<r>T******************T</r>
					<r>T**************B***T</r>
					<r>T--TTT--------TTT--T</r>
					<r>T--TtT--------TtT--T</r>
					<r>T--TtT--------TtT--T</r>
				</pattern>
			</segment>
		</segments>
		<charmap>
			<charmapping char = "." cell = "CYANSKY_BGROUND"/>
			<charmapping char = ":" cell = "BLACKNESS"/>
			<charmapping char = "-" cell = "CONCRETEFLOOR"/>
			
			<charmapping char = "/" cell = "BALL1"/>
			<charmapping char = "\" cell = "BALL2"/>
			<charmapping char = "x" cell = "BALL3"/>
			<charmapping char = "|" cell = "BALL4"/>
			
			<charmapping char = "T" cell = "CONCRETETOWER"/>
			<charmapping char = "t" cell = "CONCRETETOWER2"/>
			<charmapping char = "s" cell = "CONCRETESTAIRS"/>
			<charmapping char = "S" cell = "CYANSKY_BGROUND EXIT _START"/>
			<charmapping char = "P" cell = "CONESPIKE"/>
			<charmapping char = "X" cell = "PIPESWALL"/>
			<charmapping char = "W" cell = "WILYLOGO"/>
			<charmapping char = "D" cell = "BOSSDOOR"/>
			<charmapping char = "K" cell = "CYANSKY_BGROUND MONSTER KAMADOMA_RED 50"/>
			<charmapping char = "*" cell = "GREENBRICK_BGROUND"/>
			<charmapping char = "B" cell = "GREENBRICK_BGROUND MONSTER BOMBMAN"/>
			<charmapping char = "b" cell = "CYANSKY_BGROUND MONSTER BOMBOMBOMB_BLUE"/>
			<charmapping char = "1" cell = "CYANSKY_BGROUND ENEMYGEN KAMADOMA_RED 10"/>
			<charmapping char = "2" cell = "CYANSKY_BGROUND ENEMYGEN BOMBOMBOMB_BLUE 10"/>
			<charmapping char = "3" cell = "CYANSKY_BGROUND ENEMYGEN SUZYBOT 10"/>
			<charmapping char = "4" cell = "CYANSKY_BGROUND ENEMYGEN BLASTER 10"/>
			<charmapping char = "5" cell = "CYANSKY_BGROUND ENEMYGEN GABYOALL 10"/>
			<charmapping char = "6" cell = "CYANSKY_BGROUND ENEMYGEN KILLERBOMB 10"/>
			<charmapping char = "7" cell = "CYANSKY_BGROUND ENEMYGEN MAMBU 25"/>
			<charmapping char = "w" cell = "CYANSKY_BGROUND MONSTER MAMBU"/>
		</charmap>
		<mosaicSet>
			<mosaic feature = "start" compass = "l_r"/>
			<mosaic featureSet = "cyan" segments = "8">
				<chance compass = "l_u" chance = "30"/>
				<chance compass = "l_d" chance = "0"/>
				<chance compass = "d_r" chance = "50"/>
				<chance compass = "u_r" chance = "0"/>
			</mosaic>
			<mosaic feature = "cyan_gate" compass = "l_r"/>
			<mosaic feature = "bombmanLair_l_d" compass = "l_d"/>
			<mosaic feature = "bombmanLair_u_d" compass = "u_d"/>
			<mosaic feature = "bombmanLair_u_d" compass = "u_d"/>
			<mosaic feature = "bombmanLair" compass = "u_d"/>
		</mosaicSet>
	</level>
	<level 
	id = "CUTMAN"
		name = "Cut Man"
		pic1 = "     "
		pic2 = "  V_  "
		pic3 = " /T   "
		pic4 = " / \  "
		pic5 = "      "
		color = "15"
		musicKey = "CUTMAN"
		>
		<segments>
			<segment id ="start">
				<pattern>
					<r>....................</r>
					<r>....................</r>
					<r>...........##.......</r>
					<r>..5........##.......</r>
					<r>######=######=##..##</r>
					<r>------=----..=......</r>
					<r>------=----..###....</r>
					<r>------=----#####4...</r>
					<r>---S--=----#####4...</r>
					<r>####################</r>
					<r>####################</r>
					<r>####################</r>
				</pattern>
			</segment>
			<segment id ="cyan_l_r">
				<pattern>
					<r>....................</r>
					<r>....................</r>
					<r>....................</r>
					<r>...1........1.......</r>
					<r>..####.....##.......</r>
					<r>..........###..###..</r>
					<r>.........####..#####</r>
					<r>...5...######..#####</r>
					<r>#############..#####</r>
					<r>#############..#####</r>
					<r>#############..#####</r>
					<r>#############..#####</r>
				</pattern>
			</segment>
			<segment id ="cyan_l_u">
				<pattern>
					<r>..=........-----#=##</r>
					<r>..=........-----#=##</r>
					<r>..=.....1..------=##</r>
					<r>.....#=##---########</r>
					<r>.....#=##-------####</r>
					<r>....##=---------####</r>
					<r>.33..#=######---####</r>
					<r>.....----------#####</r>
					<r>....5----------#####</r>
					<r>####################</r>
					<r>####################</r>
					<r>####################</r>
				</pattern>
			</segment>
			<segment id ="cyan_d_u">
				<pattern>
					<r>..=...........--#=##</r>
					<r>..=...........--#=##</r>
					<r>..............---=##</r>
					<r>...=#...........-=##</r>
					<r>...=#...........-=##</r>
					<r>...=.............###</r>
					<r>...=..........#=####</r>
					<r>...=......3...#=####</r>
					<r>...=...........=---#</r>
					<r>...###..3......=---#</r>
					<r>...####......####=##</r>
					<r>..=#####.....####=##</r>
				</pattern>
			</segment>
			<segment id ="cyan_d_u">
				<pattern>
					<r>..=...........--#=##</r>
					<r>..............--#=##</r>
					<r>..............--#=##</r>
					<r>...=#...........-=##</r>
					<r>...=#...........-=##</r>
					<r>...=.............###</r>
					<r>...=..........#=####</r>
					<r>...------------=####</r>
					<r>....-----------=---#</r>
					<r>...###---------=---#</r>
					<r>..=#######---####=##</r>
					<r>..=#######---####=##</r>
				</pattern>
			</segment>
			<segment id ="cyan_d_u">
				<pattern>
					<r>..=..############=##</r>
					<r>..=..----########=##</r>
					<r>3.=..---------###=##</r>
					<r>..#######---------##</r>
					<r>.....-------------##</r>
					<r>.3...------------###</r>
					<r>...##=##############</r>
					<r>...--=----------####</r>
					<r>....-=-------------#</r>
					<r>...##=-------------#</r>
					<r>..=#######---####=##</r>
					<r>..=#######---####=##</r>
				</pattern>
			</segment>
			<segment id ="cyan_d_r">
				<pattern>
					<r>....................</r>
					<r>....................</r>
					<r>....................</r>
					<r>....................</r>
					<r>....................</r>
					<r>.......TTTTTTTT.....</r>
					<r>.......TTTTTTTT.....</r>
					<r>.......TTTTTTTT..1..</r>
					<r>......5TTTTTTTT#####</r>
					<r>..=#################</r>
					<r>..=#################</r>
					<r>..=#################</r>
				</pattern>
			</segment>
				<segment id ="cyan_d_u">
				<pattern>
					<r>##=..........----=##</r>
					<r>##=.....3....----=##</r>
					<r>##=#.........--#####</r>
					<r>##........###-----##</r>
					<r>##4.......--------##</r>
					<r>#####=#........#####</r>
					<r>##...=....--------##</r>
					<r>##...=.###--------##</r>
					<r>##...=.###--------##</r>
					<r>##=##############=##</r>
					<r>##=##############=##</r>
					<r>##=##############=##</r>
				</pattern>
			</segment>
			<segment id ="cyan_d_u">
				<pattern>
					<r>##=..........----=##</r>
					<r>##=..........----=##</r>
					<r>##=..........----###</r>
					<r>##=....3..------####</r>
					<r>##=.......---#######</r>
					<r>#####.....##########</r>
					<r>######....--------##</r>
					<r>#######...--------##</r>
					<r>##-----..5--------##</r>
					<r>##=##############=##</r>
					<r>##=##############=##</r>
					<r>##=##############=##</r>
				</pattern>
			</segment>
				<segment id ="cyan_d_u">
				<pattern>
					<r>##=##############=##</r>
					<r>##=.......-------=-#</r>
					<r>##=.......---------#</r>
					<r>##..1.....---------#</r>
					<r>######=...------####</r>
					<r>##4...=..##-----####</r>
					<r>##4...=..##-----####</r>
					<r>##...########=######</r>
					<r>##...########=######</r>
					<r>##=##########=----##</r>
					<r>##=##############=##</r>
					<r>##=##############=##</r>
				</pattern>
			</segment>
			<segment id ="cyan_l_r">
				<pattern>
					<r>....................</r>
					<r>....................</r>
					<r>.......3.........3..</r>
					<r>....................</r>
					<r>.............5.....6</r>
					<r>......5...##########</r>
					<r>...#################</r>
					<r>####################</r>
					<r>####################</r>
					<r>####################</r>
					<r>####################</r>
					<r>####################</r>
				</pattern>
			</segment>
				<segment id ="cyan_l_d">
				<pattern>
					<r>....................</r>
					<r>....................</r>
					<r>....................</r>
					<r>....................</r>
					<r>.......1....5.......</r>
					<r>###############.....</r>
					<r>###############.....</r>
					<r>#######4............</r>
					<r>#######4............</r>
					<r>##############=###..</r>
					<r>##############=###..</r>
					<r>##############=###..</r>
				</pattern>
			</segment> 
			<segment id ="cyan_u_d">
				<pattern>
					<r>##############=#....</r>
					<r>##############=#....</r>
					<r>#####.........=....4</r>
					<r>####.....3....=....4</r>
					<r>####.......5..=.....</r>
					<r>#####=#########.....</r>
					<r>#####=#########.....</r>
					<r>##----..............</r>
					<r>##----..###....###..</r>
					<r>##----..............</r>
					<r>##############=#..6.</r>
					<r>##############=#....</r>
				</pattern>
			</segment> 
			<segment id ="cyan_u_d">
				<pattern>
					<r>##############=##...</r>
					<r>##############=##...</r>
					<r>#########------.....</r>
					<r>#########------.4PP.</r>
					<r>###############..##.</r>
					<r>####--..............</r>
					<r>####--.......3......</r>
					<r>##----...1.....##...</r>
					<r>##----..####........</r>
					<r>##----......PPPPPPPP</r>
					<r>###########.........</r>
					<r>##############=#####</r>
				</pattern>
			</segment>
			<segment id ="cyan_u_r">
				<pattern>
					<r>##############=#####</r>
					<r>##............=#####</r>
					<r>##=#############....</r>
					<r>##=.................</r>
					<r>##=..............6..</r>
					<r>##...........3......</r>
					<r>##..................</r>
					<r>##..................</r>
					<r>#######.............</r>
					<r>#########..1.....5..</r>
					<r>####################</r>
					<r>####################</r>
				</pattern>
			</segment>
				<segment id ="cyan_gate">
				<pattern>
					<r>..................##</r>
					<r>..................##</r>
					<r>.....3......3.....##</r>
					<r>...............6..#W</r>
					<r>..................##</r>
					<r>..................00</r>
					<r>..............6...00</r>
					<r>..................00</r>
					<r>..................##</r>
					<r>..5..........6.4####</r>
					<r>####################</r>
					<r>####################</r>
				</pattern>
			</segment>
			<segment id ="cutmanLair_l_r">
				<pattern>
					<r>                    </r>
					<r>                    </r>
					<r>                    </r>
					<r>                    </r>
					<r>####################</r>
					<r>####################</r>
					<r>********************</r>
					<r>********************</r>
					<r>####################</r>
					<r>####################</r>
					<r>                    </r>
					<r>                    </r>
				</pattern>
			</segment>
			<segment id ="cutmanLair">
				<pattern>
					<r>####################</r>
					<r>#******************#</r>
					<r>#******************#</r>
					<r>#******************#</r>
					<r>#******************#</r>
					<r>0******************#</r>
					<r>0******************#</r>
					<r>0******************#</r>
					<r>#******************#</r>
					<r>######*************#</r>
					<r>######**********C**#</r>
					<r>####################</r>
				</pattern>
			</segment>
		</segments>
		<charmap>
			<charmapping char = "." cell = "CYANSKY_BGROUND"/>
			<charmapping char = ":" cell = "BLACKNESS"/>
			<charmapping char = " " cell = "BLACKNESS"/>
			<charmapping char = "-" cell = "GRAY_BGROUND"/>
			<charmapping char = "#" cell = "GREEN_BRICK"/>
			<charmapping char = "=" cell = "CONCRETESTAIRS"/>
			<charmapping char = "T" cell = "BUNKER"/>
			<charmapping char = "S" cell = "GRAY_BGROUND EXIT _START"/>
			<charmapping char = "P" cell = "CONESPIKE"/>
			<charmapping char = "W" cell = "WILYLOGO"/>
			<charmapping char = "0" cell = "BOSSDOOR"/>
			<charmapping char = "*" cell = "GRAY_METAL_BGROUND"/>
			<charmapping char = "C" cell = "GRAY_METAL_BGROUND MONSTER CUTMAN"/>
			<charmapping char = "1" cell = "CYANSKY_BGROUND ENEMYGEN KAMADOMA_RED 10"/>
			<charmapping char = "2" cell = "CYANSKY_BGROUND ENEMYGEN BOMBOMBOMB_BLUE 10"/>
			<charmapping char = "3" cell = "CYANSKY_BGROUND ENEMYGEN SUZYBOT 10"/>
			<charmapping char = "4" cell = "CYANSKY_BGROUND ENEMYGEN BLASTER 10"/>
			<charmapping char = "5" cell = "CYANSKY_BGROUND ENEMYGEN GABYOALL 10"/>
			<charmapping char = "6" cell = "CYANSKY_BGROUND ENEMYGEN KILLERBOMB 10"/>
			<charmapping char = "7" cell = "CYANSKY_BGROUND ENEMYGEN MAMBU 25"/>
		</charmap>
		<mosaicSet>
			<mosaic feature = "start" compass = "l_r"/>
			<mosaic featureSet = "cyan" segments = "8">
				<chance compass = "l_u" chance = "30"/>
				<chance compass = "l_d" chance = "30"/>
				<chance compass = "d_r" chance = "30"/>
				<chance compass = "u_r" chance = "30"/>
			</mosaic>
			<mosaic feature = "cyan_gate" compass = "l_r"/>
			<mosaic feature = "cutmanLair_l_r" compass = "l_r"/>
			<mosaic feature = "cutmanLair_l_r" compass = "l_r"/>
			<mosaic feature = "cutmanLair" compass = "l_r"/>
		</mosaicSet>
		
		
	</level>

	<level 
	id = "FIREMAN"
		name = "Fire Man"
		pic1 = "      "
		pic2 = "  Y  "
		pic3 = " &lt;T&gt;  "
		pic4 = " / \  "
		pic5 = "      "
		color = "12"
		musicKey = "FIREMAN"
		>
		<segments>
			<segment id ="start">
				<pattern>
					<r>#-----......--------</r>
					<r>#-----..3...--------</r>
					<r>#-----.....5--------</r>
					<r>#=##################</r>
					<r>#=-----------------#</r>
					<r>#=-----------------#</r>
					<r>##################=#</r>
					<r>#-----------------=#</r>
					<r>#--S--------------=#</r>
					<r>####################</r>
					<r>ffffffffffffffffffff</r>
					<r>ffffffffffffffffffff</r>
				</pattern>
			</segment>
			<segment id ="cyan_l_r">
				<pattern>
					<r>--..3.......--------</r>
					<r>--..........--------</r>
					<r>------.5..1.--------</r>
					<r>---##############=#-</r>
					<r>---#-------------=#-</r>
					<r>---#-------------=#-</r>
					<r>---#=##############-</r>
					<r>----=---------------</r>
					<r>----=---------------</r>
					<r>####################</r>
					<r>ffffffffffffffffffff</r>
					<r>ffffffffffffffffffff</r>
				</pattern>
			</segment>
			<segment id ="cyan_l_u">
				<pattern>
					<r>#.=........-----#=##</r>
					<r>..=..2.....-----#=##</r>
					<r>..=.....1..------=##</r>
					<r>.....#=##---########</r>
					<r>####.#=##-------####</r>
					<r>#.####...-------####</r>
					<r>.........####---####</r>
					<r>...3......-----#####</r>
					<r>......##..-----#####</r>
					<r>####..##2.##########</r>
					<r>ffffffffffffffffffff</r>
					<r>ffffffffffffffffffff</r>
				</pattern>
			</segment>
			<segment id ="cyan_d_u">
				<pattern>
					<r>#.=........-----#=##</r>
					<r>#.=........-----#=##</r>
					<r>#.=.....1..------=##</r>
					<r>#....#=##-#####=####</r>
					<r>#..#.#=##------=####</r>
					<r>#.####...------=####</r>
					<r>.........####--=####</r>
					<r>##3.......-------###</r>
					<r>##....1#..--------##</r>
					<r>##=##############=##</r>
					<r>..=..............=..</r>
					<r>..=..............=..</r>
				</pattern>
			</segment>
			<segment id ="cyan_d_u">
				<pattern>
					<r>##=##############=##</r>
					<r>#.=........-----#=##</r>
					<r>#.=..5..1..------=##</r>
					<r>###############=####</r>
					<r>#..#.####------=####</r>
					<r>#.####...------=####</r>
					<r>.........##=#--=####</r>
					<r>##........-=---#####</r>
					<r>##..1.##..-=------##</r>
					<r>##=##############=##</r>
					<r>..=.......3......=..</r>
					<r>..=..............=..</r>
				</pattern>
			</segment>
			<segment id ="cyan_d_u">
				<pattern>
					<r>..=..############=##</r>
					<r>..=..----########=##</r>
					<r>3.=..---------###=##</r>
					<r>..####=##---------##</r>
					<r>.....-=-----------##</r>
					<r>.3...-=----------###</r>
					<r>.....-----------####</r>
					<r>...-----###----#####</r>
					<r>...##---###--------#</r>
					<r>...##---###--------#</r>
					<r>..=##############=##</r>
					<r>..=##############=##</r>
				</pattern>
			</segment>
			<segment id ="cyan_d_r">
				<pattern>
					<r>....................</r>
					<r>....................</r>
					<r>...3................</r>
					<r>............########</r>
					<r>............########</r>
					<r>............########</r>
					<r>..........3.........</r>
					<r>.................1..</r>
					<r>......5........#####</r>
					<r>..=#################</r>
					<r>..=#################</r>
					<r>..=#################</r>
				</pattern>
			</segment>
			<segment id ="cyan_l_r">
				<pattern>
					<r>....................</r>
					<r>....................</r>
					<r>............5.......</r>
					<r>.........######.....</r>
					<r>........1######.....</r>
					<r>###....######....#..</r>
					<r>.........####.......</r>
					<r>...3.#...####....3..</r>
					<r>##.......####....###</r>
					<r>......#..######..###</r>
					<r>..###...#####....###</r>
					<r>.........####....###</r>
				</pattern>
			</segment>
				<segment id ="cyan_l_d">
				<pattern>
					<r>...................#</r>
					<r>...................#</r>
					<r>...1.......1.......#</r>
					<r>..#####...##...##..#</r>
					<r>..#####...##...##..#</r>
					<r>.#.#########...##..#</r>
					<r>...##############..#</r>
					<r>...##########......#</r>
					<r>#############......#</r>
					<r>#######.........3..#</r>
					<r>#....5..############</r>
					<r>#=.#################</r>
				</pattern>
			</segment> 
			<segment id ="cyan_u_d">
				<pattern>
					<r>#=.#################</r>
					<r>#=.############....#</r>
					<r>#=...#############=#</r>
					<r>#..3.#############=#</r>
					<r>#............5....=#</r>
					<r>#########.##########</r>
					<r>######..........####</r>
					<r>######............##</r>
					<r>#......###..1......#</r>
					<r>#=##...##########..#</r>
					<r>#=##...#############</r>
					<r>#=##################</r>
				</pattern>
			</segment> 
			<segment id ="cyan_u_r">
				<pattern>
					<r>#=##################</r>
					<r>#=##################</r>
					<r>#...................</r>
					<r>#....3...........1..</r>
					<r>#.............=#####</r>
					<r>#.............=.....</r>
					<r>##.........3..=.....</r>
					<r>#......##.....=.....</r>
					<r>#..1...##...###.....</r>
					<r>#..##..##..2........</r>
					<r>#ff##ff##fffffffffff</r>
					<r>#ff##ff##fffffffffff</r>
				</pattern>
			</segment>
				<segment id ="cyan_gate">
				<pattern>
					<r>..................##</r>
					<r>......3...........##</r>
					<r>..----............#W</r>
					<r>..----....3.......##</r>
					<r>----------........00</r>
					<r>----------........00</r>
					<r>------------..111.00</r>
					<r>------------########</r>
					<r>------------########</r>
					<r>-###################</r>
					<r>f###################</r>
					<r>f###################</r>
				</pattern>
			</segment>
			<segment id ="firemanLair_l_r">
				<pattern>
					<r>                    </r>
					<r>                    </r>
					<r>                    </r>
					<r>####################</r>
					<r>####################</r>
					<r>********************</r>
					<r>********************</r>
					<r>####################</r>
					<r>####################</r>
					<r>                    </r>
					<r>                    </r>
					<r>                    </r>
				</pattern>
			</segment>
			<segment id ="firemanLair">
				<pattern>
					<r>####################</r>
					<r>#******************#</r>
					<r>#******************#</r>
					<r>#******************#</r>
					<r>0******************#</r>
					<r>0******************#</r>
					<r>0******************#</r>
					<r>#******************#</r>
					<r>#******************#</r>
					<r>#******************#</r>
					<r>#**************C***#</r>
					<r>####################</r>
				</pattern>
			</segment>
		</segments>
				<charmap>
			<charmapping char = "." cell = "BLACK_BGROUND"/>
			<charmapping char = ":" cell = "BLACKNESS"/>
			<charmapping char = " " cell = "BLACKNESS"/>
			<charmapping char = "-" cell = "ORANGE_BGROUND"/>
			<charmapping char = "#" cell = "METAL_BRICK"/>
			<charmapping char = "w" cell = "METAL_BRICK"/>
			<charmapping char = "=" cell = "CONCRETESTAIRS"/>
			<charmapping char = "s" cell = "CONCRETESTAIRS"/>
			<charmapping char = "f" cell = "LAVA"/>
			<charmapping char = "T" cell = "BUNKER"/>
			<charmapping char = "S" cell = "ORANGE_BGROUND EXIT _START"/>
			<charmapping char = "P" cell = "CONESPIKE"/>
			<charmapping char = "W" cell = "WILYLOGO"/>
			<charmapping char = "0" cell = "BOSSDOOR"/>
			<charmapping char = "*" cell = "GRAY_METAL_BGROUND"/>
			<charmapping char = "C" cell = "GRAY_METAL_BGROUND MONSTER CUTMAN"/>
			<charmapping char = "1" cell = "BLACK_BGROUND ENEMYGEN KAMADOMA_RED 10"/>
			<charmapping char = "2" cell = "BLACK_BGROUND ENEMYGEN BOMBOMBOMB_BLUE 10"/>
			<charmapping char = "3" cell = "BLACK_BGROUND ENEMYGEN SUZYBOT 10"/>
			<charmapping char = "4" cell = "BLACK_BGROUND ENEMYGEN BLASTER 10"/>
			<charmapping char = "5" cell = "BLACK_BGROUND ENEMYGEN GABYOALL 10"/>
			<charmapping char = "6" cell = "BLACK_BGROUND ENEMYGEN KILLERBOMB 10"/>
			<charmapping char = "7" cell = "BLACK_BGROUND ENEMYGEN MAMBU 25"/>
		</charmap>
		<mosaicSet>
			<mosaic feature = "start" compass = "l_r"/>
			<mosaic featureSet = "cyan" segments = "8">
				<chance compass = "l_u" chance = "30"/>
				<chance compass = "l_d" chance = "30"/>
				<chance compass = "d_r" chance = "30"/>
				<chance compass = "u_r" chance = "30"/>
			</mosaic>
			<mosaic feature = "cyan_gate" compass = "l_r"/>
			<mosaic feature = "firemanLair_l_r" compass = "l_r"/>
			<mosaic feature = "firemanLair_l_r" compass = "l_r"/>
			<mosaic feature = "firemanLair_l_r" compass = "l_r"/>
			<mosaic feature = "firemanLair" compass = "l_r"/>
		</mosaicSet>
	</level>

	
	
	<level 
	id = "ELECMAN"
		name = "Elec Man"
		pic1 = "     "
		pic2 = " \W   "
		pic3 = "  T>  "
		pic4 = " / >  "
		pic5 = "      "
		color = "14"
		musicKey = "ELECMAN"
		>
		<segments>
			<segment id ="start">
				<pattern>
					<r>##.=............=.##</r>
					<r>##-=-------X---.=.##</r>
					<r>##.=.......|....=.##</r>
					<r>##...5.....|.#######</r>
					<r>#########..X------##</r>
					<r>##...............5##</r>
					<r>##5------.X..#######</r>
					<r>#########.|.......##</r>
					<r>##........|.......##</r>
					<r>##......S.|.....5.##</r>
					<r>####################</r>
					<r>####################</r>
				</pattern>
			</segment>
			<segment id ="green_d_u">
				<pattern>
					<r>##.=............=.##</r>
					<r>##.=.....-------=-##</r>
					<r>##-=---XXX......=.##</r>
					<r>##.###...|.....#####</r>
					<r>##.###...|........##</r>
					<r>##.#####E|........##</r>
					<r>##.......X--------##</r>
					<r>##.......#E.......##</r>
					<r>##................##</r>
					<r>##.........5......##</r>
					<r>###=#..#########=###</r>
					<r>###=#..#########=###</r>
				</pattern>
				<pattern>
					<r>##.=..............##</r>
					<r>##.=|...........1.##</r>
					<r>##.##...=.......####</r>
					<r>##..|...=.........##</r>
					<r>##..|...=.........##</r>
					<r>##..|...=.........##</r>
					<r>##......=.........##</r>
					<r>##------=--X--....##</r>
					<r>##......=..|......##</r>
					<r>##...5..=..|......##</r>
					<r>##.=####=..|......##</r>
					<r>##.=####=..|....=.##</r>
				</pattern>
				<pattern>
					<r>##.=............=.##</r>
					<r>##.=............=.##</r>
					<r>##.=...-----X---=-##</r>
					<r>##.#........|...=.##</r>
					<r>##..........|...####</r>
					<r>##..#..........1..##</r>
					<r>##.....#....#..#..##</r>
					<r>##...|............##</r>
					<r>##...|....#.......##</r>
					<r>##...|............##</r>
					<r>##.=.X--###.......##</r>
					<r>##.=.....##.......##</r>
				</pattern>
			</segment>
			<segment id ="cyan_d_u_x">
				<pattern>
					<r>;;;=;;;;;;;#####=###</r>
					<r>;;;=;;;;;;;#####=###</r>
					<r>;;;=;;;;;;;;;;;;;###</r>
					<r>;;;=;;;;;;;;;#######</r>
					<r>;;;=;;;;8;;;;#######</r>
					<r>#########=##########</r>
					<r>#########=...#######</r>
					<r>#########=........##</r>
					<r>##########....1...##</r>
					<r>##..........####=###</r>
					<r>##......5......#=###</r>
					<r>##.=######......=###</r>
				</pattern>
			</segment>
			<segment id ="cyan_d_r">
				<pattern>
					<r>;;;;;;;;;;;;;;;;;;;;</r>
					<r>;;;;;;;;;;;;;;;;;;;;</r>
					<r>;;;;;;;;;;;;;;;;;;;;</r>
					<r>;;;;;;;;;;;;;;;;;;;;</r>
					<r>;;;;;;;;;;;;;;;;;;;;</r>
					<r>;;;;;;;;;;;;;;;;;;;;</r>
					<r>;;;;;;;;;;;;;;;;;;5;</r>
					<r>;;;;;;;;############</r>
					<r>;;;;;;;8##########;;</r>
					<r>;;;=############;;;;</r>
					<r>;;;=############=###</r>
					<r>;;;=############=###</r>
				</pattern>
			</segment>
			<segment id ="cyan_l_u">
				<pattern>
					<r>;;;;;;;;;;;;;;;;=;;;</r>
					<r>;;;;;;;;;;;;;;;;=;;;</r>
					<r>;;3;;;;;;;;;;;;;=;;;</r>
					<r>;;;;;;;;;;;;;;;;;;;;</r>
					<r>;;;;;;;;;;;#;;;;;#;;</r>
					<r>;;;;;;;;;;;;;;;;;;;;</r>
					<r>;;;;;;;;;;;;;;#;;;;;</r>
					<r>;;;;;;;;;;;8;;;;;;;;</r>
					<r>;;;;;;;;;;;#;;;;;;;;</r>
					<r>;;#;;;#;;;;;;;;;;;;;</r>
					<r>;;;;;;;;;;;;;;;;;;;;</r>
					<r>;;;;;;;;;;;;;;;;;;;;</r>
				</pattern>
			</segment>
				<segment id ="cyan_d_u">
				<pattern>
				       
					<r>;;;=;;;;##......=.##</r>
					<r>;;;=8;;;##......=.##</r>
					<r>;;;=##=;##---X----##</r>
					<r>;;;;;;=;##=..|###.##</r>
					<r>;;;;;;=;##=..|....##</r>
					<r>;;3;;;=;##=..|....##</r>
					<r>;;;;;;=;##=..|....##</r>
					<r>;;;;;;=;##=..|....##</r>
					<r>;;;;;;;;.....|....##</r>
					<r>;;;;;;;;.5........##</r>
					<r>###=############=###</r>
					<r>###=############=###</r>
				</pattern>
				<pattern>
				       
					<r>;;;=;;;;;;##....=.##</r>
					<r>;;;=;;;3;;##....=.E#</r>
					<r>;;;=;;;;;;##=#######</r>
					<r>;###;;;;;;##=.....##</r>
					<r>;;;;3;;#####=.....E#</r>
					<r>;;;;;;;;;;####=...##</r>
					<r>;;###;;;;;####=...##</r>
					<r>;;;;;;;;##....=...##</r>
					<r>;;;;;;;;##..5.=...##</r>
					<r>;;;;;;;;########=###</r>
					<r>###=############=###</r>
					<r>###=############=###</r>
				</pattern>
				<pattern>
					<r>;;;=;;;;;;##....=.##</r>
					<r>;;;=;;;;;;##....=.##</r>
					<r>;;;=;;;;;;##....=.##</r>
					<r>;;;=;;;;;;##....=.##</r>
					<r>;;;;;;;#####....=-##</r>
					<r>;;;;;;;;;;##--....##</r>
					<r>;;###;;;;8##......##</r>
					<r>;;;;;;;;########=###</r>
					<r>;;;;;;3;####....=.##</r>
					<r>;;;;;;;;####....=.##</r>
					<r>;;#=########....=.##</r>
					<r>;;#=############=###</r>
				</pattern>
				<pattern>
					<r>;;;=;;;;;;;;;;;;=.##</r>
					<r>;;;=;;;;;;;;;;;;=.##</r>
					<r>;;;=;;;#############</r>
					<r>;;;;;;;#############</r>
					<r>;;##;;;########;;;##</r>
					<r>;;;;;;;########;;;##</r>
					<r>;;=#################</r>
					<r>;;=#################</r>
					<r>;;=;;;;;;;;;3;;;;;##</r>
					<r>;;=;;;;;;;;;;;;;;;##</r>
					<r>;;#=############=###</r>
					<r>;;#=############=###</r>
				</pattern>
				<pattern>
					<r>;;;=;;;;;;##....=.##</r>
					<r>;;;=;;;;;;##....=.##</r>
					<r>;;;###;;;;##....=.##</r>
					<r>;;;;;;;;;8##....=.##</r>
					<r>;;;;;;;#####....=.E#</r>
					<r>;;;;;;;;;;##....=.##</r>
					<r>;;=##;;;;;##....=.##</r>
					<r>;;=;;;;;;;##....=.E#</r>
					<r>;;=;;;;;;;;;####=.##</r>
					<r>;;=;;;;;;;;;####=.##</r>
					<r>;;#=############=###</r>
					<r>;;#=############=###</r>
				</pattern>
				<pattern>
					<r>;;;=;;######....=.##</r>
					<r>;;;=;;######....=.##</r>
					<r>;;;=;;######....=.E#</r>
					<r>;;;=;;E#####....=.##</r>
					<r>3;;=;;##........=.##</r>
					<r>;;;=;;##....5...=.##</r>
					<r>;;;=;3##=###########</r>
					<r>;;;=;;E#=###########</r>
					<r>;;;=;;##=.........##</r>
					<r>;;;=;;##=..5......##</r>
					<r>;;#=############=###</r>
					<r>;;#=############=###</r>
				</pattern>
				<pattern>
					<r>;;;=;;;;;;;;;;######</r>
					<r>;;;=;;;;;;;8;;;;;;##</r>
					<r>;;;=;;##########;;##</r>
					<r>;;;=;;##########;;##</r>
					<r>;;;=;;##.........###</r>
					<r>;;;=;;##........####</r>
					<r>;;;;;;##=###########</r>
					<r>;3;;;###=###########</r>
					<r>;;;;;.##=.........##</r>
					<r>;;;;;1##=....5....##</r>
					<r>;;;=############=###</r>
					<r>;;;=############=###</r>
				</pattern>
				<pattern>
					<r>;;;=###########=###</r>
					<r>;;;=###########=###</r>
					<r>;;;=;;;;;##;;;;=;##</r>
					<r>;;;=;;;;;##;;;;=;##</r>
					<r>;;;;;;;3;##;;;;;;##</r>
					<r>;;;;;;;;;##;;;;;;##</r>
					<r>;;;;;#;;;##;;;;#;##</r>
					<r>;3;;;;;;;;;;;;;;;##</r>
					<r>;;;;;;;#;;;;#;;;;##</r>
					<r>;;;;8;;;;;;;;;;;;##</r>
					<r>;;;=###########=###</r>
					<r>;;;=###########=###</r>
				</pattern>
			</segment>
			<segment id ="cyan_gate">
				<pattern>
					<r>;;;;;;;;;;;;;;;;;###</r>
					<r>;;;;;;;;;;;;;3;;;###</r>
					<r>;;;;;;;;;;;;;;;;;#W#</r>
					<r>;;;;;3;;;;;;;;;;;###</r>
					<r>;;;;;;;;;;;;;;;;;;DD</r>
					<r>;;;;;;;;;;;;;;;;;;DD</r>
					<r>;;;;;;;;;;;;;;;8;;DD</r>
					<r>;;;;;;;;;;##########</r>
					<r>;;;;;;;;############</r>
					<r>;;;;;8;;;;;;;;;;;###</r>
					<r>;;;=############=###</r>
					<r>;;;=############=###</r>
					   
				</pattern>
			</segment>
			<segment id ="elecmanLair_l_u">
				<pattern>
					<r>       ##***=**##   </r>
					<r>       ##***=**##   </r>
					<r>#########***=**##   </r>
					<r>#########***=**##   </r>
					<r>***************##   </r>
					<r>***************##   </r>
					<r>***************##   </r>
					<r>#################   </r>
					<r>#################   </r>
					<r>                    </r>
					<r>                    </r>
					<r>                    </r>
				</pattern>
			</segment>
			<segment id ="elecmanLair_u_d">
				<pattern>
					<r>       ##***=**##   </r>
					<r>       ##***=**##   </r>
					<r>       ##***=**##   </r>
					<r>       ##***=**##   </r>
					<r>       ##***=**##   </r>
					<r>       ##***=**##   </r>
					<r>       ##***=**##   </r>
					<r>       ##***=**##   </r>
					<r>       ##***=**##   </r>
					<r>       ##***=**##   </r>
					<r>       ##***=**##   </r>
					<r>       ##***=**##   </r>
				</pattern>
			</segment>
			<segment id ="elecmanLair">
				<pattern>
					<r>####################</r>
					<r>#******************#</r>
					<r>#******************#</r>
					<r>#******************#</r>
					<r>#******************#</r>
					<r>#******************#</r>
					<r>#******************#</r>
					<r>#******************#</r>
					<r>#******************#</r>
					<r>######*************#</r>
					<r>######**********C**#</r>
					<r>############=#######</r>
				</pattern>
			</segment>
		</segments>
		<charmap>
			<charmapping char = "." cell = "ELECGREEN_BGROUND"/>
			<charmapping char = ";" cell = "DARKBLUE_BGROUND"/>
			<charmapping char = " " cell = "BLACKNESS"/>
			<charmapping char = ":" cell = "BLACKNESS"/>
			<charmapping char = "-" cell = "HWIRE_BGROUND"/>
			<charmapping char = "|" cell = "VWIRE_BGROUND"/>
			<charmapping char = "X" cell = "WIREBOX_BGROUND"/>
			<charmapping char = "#" cell = "YELLOW_BRICK"/>
			<charmapping char = "=" cell = "YELLOW_STAIRS"/>
			<charmapping char = "*" cell = "ELECGREEN_BGROUND"/>
			<charmapping char = "W" cell = "WILYLOGO"/>
			<charmapping char = "D" cell = "BOSSDOOR"/>
			<charmapping char = "S" cell = "ELECGREEN_BGROUND EXIT _START"/>
			<charmapping char = "C" cell = "ELECGREEN_BGROUND MONSTER ELECMAN"/>
			<charmapping char = "E" cell = "YELLOW_BRICK MONSTER BLASTER"/>
			
			
			<charmapping char = "1" cell = "ELECGREEN_BGROUND ENEMYGEN KAMADOMA_RED 10"/>
			<charmapping char = "2" cell = "ELECGREEN_BGROUND ENEMYGEN BOMBOMBOMB_BLUE 10"/>
			<charmapping char = "3" cell = "DARKBLUE_BGROUND ENEMYGEN SUZYBOT 10"/>
			<charmapping char = "4" cell = "ELECGREEN_BGROUND ENEMYGEN BLASTER 10"/>
			<charmapping char = "5" cell = "ELECGREEN_BGROUND ENEMYGEN GABYOALL 10"/>
			<charmapping char = "8" cell = "DARKBLUE_BGROUND ENEMYGEN KAMADOMA_RED 10"/>
			<charmapping char = "6" cell = "DARKBLUE_BGROUND ENEMYGEN KILLERBOMB 10"/>
			<charmapping char = "7" cell = "DARKBLUE_BGROUND ENEMYGEN MAMBU 25"/>
		</charmap>
		<mosaicSet>
			<mosaic feature = "start" compass = "d_u"/>
			<mosaic featureSet = "green" segments = "4">
				<chance compass = "l_u" chance = "0"/>
				<chance compass = "l_d" chance = "0"/>
				<chance compass = "d_r" chance = "0"/>
				<chance compass = "u_r" chance = "0"/>
			</mosaic>
			<mosaic feature = "cyan_d_u_x" compass = "d_u"/>
			<mosaic featureSet = "cyan" segments = "4">
				<chance compass = "l_u" chance = "101"/>
				<chance compass = "l_d" chance = "0"/>
				<chance compass = "d_r" chance = "30"/>
				<chance compass = "u_r" chance = "0"/>
			</mosaic>
			<mosaic feature = "cyan_gate" compass = "d_r"/>
			<mosaic feature = "elecmanLair_l_u" compass = "l_u"/>
			<mosaic feature = "elecmanLair_u_d" compass = "d_u"/>
			<mosaic feature = "elecmanLair" compass = "d_u"/>
		</mosaicSet>
	</level>
	
	
		<level 
		id = "MEGAMAN"
		name = "Mega Man"
		pic1 = "     "
		pic2 = "  @   "
		pic3 = " /T\  "
		pic4 = " / \  "
		pic5 = "      "
		color = "9"
		musicKey = "LAB"
		>
		<segments>
			<segment id ="start">
				<pattern>
					<r>....................</r>
					<r>....................</r>
					<r>....................</r>
					<r>.ssssssss.....ffffff</r>
					<r>.ssssssss.....fwwwww</r>
					<r>.ssssssss.....fwwwww</r>
					<r>..............fwwwww</r>
					<r>cccccc........ffffff</r>
					<r>cccccccc............</r>
					<r>cccccccc....S.......</r>
					<r>####################</r>
					<r>####################</r>
				</pattern>
			</segment>
		</segments>
		<charmap>
			<charmapping char = "." cell = "LAB_BGROUND"/>
			<charmapping char = "#" cell = "LAB_FLOOR"/>
			<charmapping char = "w" cell = "LAB_WINDOW"/>
			<charmapping char = "f" cell = "LAB_WINDOWFRAME"/>
			<charmapping char = "c" cell = "LAB_COMPUTER"/>
			<charmapping char = "s" cell = "LAB_COMPUTERSCREEN"/>
			<charmapping char = " " cell = "BLACKNESS"/>
			<charmapping char = ":" cell = "BLACKNESS"/>
			<charmapping char = "S" cell = "LAB_BGROUND EXIT _START"/>
		</charmap>
		<mosaicSet>
			<mosaic feature = "start" compass = "d_u"/>
		</mosaicSet>
	</level>
	
</levels>