<levels>
	<level 
		id = "BOMBMAN"
		name = "Bomb Man"
		pic1 = " ó    "
		pic2 = " \Ó   "
		pic3 = "  O\  "
		pic4 = " / \  "
		pic5 = "      "
		color = "6"
		>
		<segments>
			<segment id ="cyan_l_r">
				<pattern>
					<r>....................</r>
					<r>....................</r>
					<r>....................</r>
					<r>....................</r>
					<r>....................</r>
					<r>....................</r>
					<r>....................</r>
					<r>....................</r>
					<r>..............1.....</r>
					<r>--TTT---------------</r>
					<r>..TtT...............</r>
					<r>--TtT---------------</r>
				</pattern>
				<pattern>
					<r>....................</r>
					<r>....................</r>
					<r>....................</r>
					<r>....................</r>
					<r>............1..TTT..</r>
					<r>.........------TtT-.</r>
					<r>.........------TtT..</r>
					<r>....-----------TtT--</r>
					<r>...............TtT--</r>
					<r>---------------TtT--</r>
					<r>...............TtT..</r>
					<r>---------------TtT--</r>
				</pattern>
				<pattern>
					<r>....................</r>
					<r>....................</r>
					<r>....................</r>
					<r>....................</r>
					<r>....................</r>
					<r>....................</r>
					<r>...TTT.......TTT....</r>
					<r>...TtT.....--TtT....</r>
					<r>---TtT.......TtT....</r>
					<r>---TtT...----TtT...-</r>
					<r>...TtT...----TtT....</r>
					<r>---TtT.2.....TtT.2.-</r>
				</pattern>
				<pattern>
					<r>....................</r>
					<r>....................</r>
					<r>.......3............</r>
					<r>....................</r>
					<r>...................6</r>
					<r>...............TtT..</r>
					<r>.....TTT...----TtT..</r>
					<r>...--TtT.....3......</r>
					<r>.....TtT............</r>
					<r>-----TtT-------TTT--</r>
					<r>.....TtT-------TtT..</r>
					<r>-----TtT-------TtT--</r>
				</pattern>
				<pattern>
					<r>....................</r>
					<r>.............7......</r>
					<r>....................</r>
					<r>..sTTT--------......</r>
					<r>..sTtT--------......</r>
					<r>..sTtT..............</r>
					<r>..sTtT..---------TTT</r>
					<r>..sTtT..............</r>
					<r>..sTtT.........3....</r>
					<r>---TtT-----------TTT</r>
					<r>...TtT-----------TtT</r>
					<r>---TtT...........TtT</r>
				</pattern>
				<pattern>
					<r>.........TtT........</r>
					<r>.........TtT....33..</r>
					<r>.........TtT........</r>
					<r>.....TTT.TtT........</r>
					<r>..s--TtT.TTT........</r>
					<r>..s..TtT............</r>
					<r>..s--TtT.TTT--------</r>
					<r>..s..TtT.TTT--------</r>
					<r>..s--TtT............</r>
					<r>-----TtT------------</r>
					<r>.....TtT............</r>
					<r>-----TtT------------</r>
				</pattern>
				<pattern>
					<r>........------TttT--</r>
					<r>..............TttT--</r>
					<r>........------TttT..</r>
					<r>..............TttT--</r>
					<r>........------TttT--</r>
					<r>..7.....------TttT--</r>
					<r>.-------------TttT..</r>
					<r>.-------------TTTT..</r>
					<r>....................</r>
					<r>--------------TTTT--</r>
					<r>..............TttT..</r>
					<r>--------------TttT--</r>
				</pattern>				
			</segment>
			<segment id ="start">
				<pattern>
					<r>....................</r>
					<r>....................</r>
					<r>....................</r>
					<r>....................</r>
					<r>....................</r>
					<r>....................</r>
					<r>....................</r>
					<r>....................</r>
					<r>..S.................</r>
					<r>--TTT---------------</r>
					<r>..TtT...............</r>
					<r>--TtT---------------</r>
				</pattern>
			</segment>
			<segment id ="cyan_l_u">
				<pattern>
					<r>.................s--</r>
					<r>.................s--</r>
					<r>..........5......s--</r>
					<r>.......--------TTT--</r>
					<r>...--......----TtT..</r>
					<r>......-......--TtT--</r>
					<r>..............-TtT--</r>
					<r>.....-.........TtT--</r>
					<r>............---TtT..</r>
					<r>---------------TtT--</r>
					<r>...............TtT..</r>
					<r>---------------TtT--</r>
				</pattern>
			</segment>
			<segment id ="cyan_d_u">
				<pattern>
					<r>..s.........---.-s.-</r>
					<r>..s..............s.-</r>
					<r>..s..............s.-</r>
					<r>..s................-</r>
					<r>..s........----....-</r>
					<r>..s...7.............</r>
					<r>................-s--</r>
					<r>4................s..</r>
					<r>.............5...s--</r>
					<r>.-s-..-...-------s..</r>
					<r>P-s-PP-PP........s--</r>
					<r>--s--------------s..</r>
				</pattern>
				<pattern>
					<r>..s.........-----s--</r>
					<r>..s............--s--</r>
					<r>..s..............s--</r>
					<r>..--TTT----s-..-----</r>
					<r>....TtT4...s-......-</r>
					<r>....TtT....s-TTT....</r>
					<r>....TtT....s-TTT-s--</r>
					<r>....TTT4...s.TTT-s--</r>
					<r>...........s-TTT-s..</r>
					<r>...........s....-s--</r>
					<r>PPsPPP-PP..--TTT-s--</r>
					<r>--s----------TTT-s--</r>
				</pattern>
			</segment>
			<segment id ="cyan_d_r">
				<pattern>
					<r>....................</r>
					<r>....................</r>
					<r>....................</r>
					<r>.................6..</r>
					<r>....................</r>
					<r>....................</r>
					<r>.....7..............</r>
					<r>.................6..</r>
					<r>....................</r>
					<r>..s-----TTT---------</r>
					<r>..s-----TtT.........</r>
					<r>..s-----TtT---------</r>
				</pattern>
				<pattern>
					<r>....................</r>
					<r>....................</r>
					<r>....................</r>
					<r>.............7......</r>
					<r>....................</r>
					<r>..................6.</r>
					<r>..........-...-..-..</r>
					<r>....................</r>
					<r>........-.........6.</r>
					<r>..sTTT..............</r>
					<r>..sTtTPPPPPPPPPPPPPP</r>
					<r>..sTtT--------------</r>
				</pattern>
			</segment>
			<segment id ="cyan_gate">
				<pattern>
					<r>.................XXX</r>
					<r>................4XXX</r>
					<r>.................XXX</r>
					<r>...7.............XWX</r>
					<r>.................XXX</r>
					<r>...................D</r>
					<r>................6..D</r>
					<r>...................D</r>
					<r>............4TTT----</r>
					<r>-------------TtT----</r>
					<r>-------------TtT----</r>
					<r>-------------TtT----</r>
				</pattern>
			</segment>
			<segment id ="bombmanLair_l_d">
				<pattern>
					<r>                    </r>
					<r>                    </r>
					<r>---------------TtT  </r>
					<r>---------------TtT  </r>
					<r>***************TtT  </r>
					<r>***************TtT  </r>
					<r>***************TtT  </r>
					<r>***************TtT  </r>
					<r>----TtT****s***TtT  </r>
					<r>----TtT****s***TtT  </r>
					<r>    TtT****s***TtT  </r>
					<r>    TtT****s***TtT  </r>
				</pattern>
			</segment>
			<segment id ="bombmanLair_u_d">
				<pattern>
					<r>    TtT****s***TtT  </r>
					<r>    TtT****s***TtT  </r>
					<r>    TtT****s***TtT  </r>
					<r>    TtT****s***TtT  </r>
					<r>    TtT****s***TtT  </r>
					<r>    TtT****s***TtT  </r>
					<r>    TtT****s***TtT  </r>
					<r>    TtT****s***TtT  </r>
					<r>    TtT****s***TtT  </r>
					<r>    TtT****s***TtT  </r>
					<r>    TtT****s***TtT  </r>
					<r>    TtT****s***TtT  </r>
				</pattern>
			</segment>
			<segment id ="bombmanLair">
				<pattern>
					<r>T---TtT********TtT-T</r>
					<r>T---TTT********TTT-T</r>
					<r>T******************T</r>
					<r>T******************T</r>
					<r>T******************T</r>
					<r>T******************T</r>
					<r>T******************T</r>
					<r>T******************T</r>
					<r>T**************B***T</r>
					<r>T--TTT--------TTT--T</r>
					<r>T--TtT--------TtT--T</r>
					<r>T--TtT--------TtT--T</r>
				</pattern>
			</segment>
		</segments>
	</level>
	<level 
	id = "CUTMAN"
		name = "Cut Man"
		pic1 = "     "
		pic2 = "  V_  "
		pic3 = " /T   "
		pic4 = " / \  "
		pic5 = "      "
		color = "15"
		>
		<segments>
			<segment id ="start">
				<pattern>
					<r>....................</r>
					<r>....................</r>
					<r>...........##.......</r>
					<r>..5........##.......</r>
					<r>######=######=##..##</r>
					<r>------=----..=......</r>
					<r>------=----..###....</r>
					<r>------=----#####4...</r>
					<r>---S--=----#####4...</r>
					<r>####################</r>
					<r>####################</r>
					<r>####################</r>
				</pattern>
			</segment>
			<segment id ="cyan_l_r">
				<pattern>
					<r>....................</r>
					<r>....................</r>
					<r>....................</r>
					<r>...1........1.......</r>
					<r>..####.....##.......</r>
					<r>..........###..###..</r>
					<r>.........####..#####</r>
					<r>...5...######..#####</r>
					<r>#############..#####</r>
					<r>#############..#####</r>
					<r>#############..#####</r>
					<r>#############..#####</r>
				</pattern>
			</segment>
			<segment id ="cyan_l_u">
				<pattern>
					<r>..=........-----#=##</r>
					<r>..=........-----#=##</r>
					<r>..=.....1..------=##</r>
					<r>.....#=##---########</r>
					<r>.....#=##-------####</r>
					<r>....##=---------####</r>
					<r>.33..#=######---####</r>
					<r>.....----------#####</r>
					<r>....5----------#####</r>
					<r>####################</r>
					<r>####################</r>
					<r>####################</r>
				</pattern>
			</segment>
			<segment id ="cyan_d_u">
				<pattern>
					<r>..=...........--#=##</r>
					<r>..=...........--#=##</r>
					<r>..............---=##</r>
					<r>...=#...........-=##</r>
					<r>...=#...........-=##</r>
					<r>...=.............###</r>
					<r>...=..........#=####</r>
					<r>...=......3...#=####</r>
					<r>...=...........=---#</r>
					<r>...###..3......=---#</r>
					<r>...####......####=##</r>
					<r>..=#####.....####=##</r>
				</pattern>
			</segment>
			<segment id ="cyan_d_u">
				<pattern>
					<r>..=...........--#=##</r>
					<r>..............--#=##</r>
					<r>..............--#=##</r>
					<r>...=#...........-=##</r>
					<r>...=#...........-=##</r>
					<r>...=.............###</r>
					<r>...=..........#=####</r>
					<r>...------------=####</r>
					<r>....-----------=---#</r>
					<r>...###---------=---#</r>
					<r>..=#######---####=##</r>
					<r>..=#######---####=##</r>
				</pattern>
			</segment>
			<segment id ="cyan_d_u">
				<pattern>
					<r>..=..############=##</r>
					<r>..=..----########=##</r>
					<r>3.=..---------###=##</r>
					<r>..#######---------##</r>
					<r>.....-------------##</r>
					<r>.3...------------###</r>
					<r>...##=##############</r>
					<r>...--=----------####</r>
					<r>....-=-------------#</r>
					<r>...##=-------------#</r>
					<r>..=#######---####=##</r>
					<r>..=#######---####=##</r>
				</pattern>
			</segment>
			<segment id ="cyan_d_r">
				<pattern>
					<r>....................</r>
					<r>....................</r>
					<r>....................</r>
					<r>....................</r>
					<r>....................</r>
					<r>.......TTTTTTTT.....</r>
					<r>.......TTTTTTTT.....</r>
					<r>.......TTTTTTTT..1..</r>
					<r>......5TTTTTTTT#####</r>
					<r>..=#################</r>
					<r>..=#################</r>
					<r>..=#################</r>
				</pattern>
			</segment>
				<segment id ="cyan_d_u">
				<pattern>
					<r>##=..........----=##</r>
					<r>##=.....3....----=##</r>
					<r>##=#.........--#####</r>
					<r>##........###-----##</r>
					<r>##4.......--------##</r>
					<r>#####=#........#####</r>
					<r>##...=....--------##</r>
					<r>##...=.###--------##</r>
					<r>##...=.###--------##</r>
					<r>##=##############=##</r>
					<r>##=##############=##</r>
					<r>##=##############=##</r>
				</pattern>
			</segment>
			<segment id ="cyan_d_u">
				<pattern>
					<r>##=..........----=##</r>
					<r>##=..........----=##</r>
					<r>##=..........----###</r>
					<r>##=....3..------####</r>
					<r>##=.......---#######</r>
					<r>#####.....##########</r>
					<r>######....--------##</r>
					<r>#######...--------##</r>
					<r>##-----..5--------##</r>
					<r>##=##############=##</r>
					<r>##=##############=##</r>
					<r>##=##############=##</r>
				</pattern>
			</segment>
				<segment id ="cyan_d_u">
				<pattern>
					<r>##=##############=##</r>
					<r>##=.......-------=-#</r>
					<r>##=.......---------#</r>
					<r>##..1.....---------#</r>
					<r>######=...------####</r>
					<r>##4...=..##-----####</r>
					<r>##4...=..##-----####</r>
					<r>##...########=######</r>
					<r>##...########=######</r>
					<r>##=##########=----##</r>
					<r>##=##############=##</r>
					<r>##=##############=##</r>
				</pattern>
			</segment>
			<segment id ="cyan_l_r">
				<pattern>
					<r>....................</r>
					<r>....................</r>
					<r>.......3.........3..</r>
					<r>....................</r>
					<r>.............5.....6</r>
					<r>......5...##########</r>
					<r>...#################</r>
					<r>####################</r>
					<r>####################</r>
					<r>####################</r>
					<r>####################</r>
					<r>####################</r>
				</pattern>
			</segment>
				<segment id ="cyan_l_d">
				<pattern>
					<r>....................</r>
					<r>....................</r>
					<r>....................</r>
					<r>....................</r>
					<r>.......1....5.......</r>
					<r>###############.....</r>
					<r>###############.....</r>
					<r>#######4............</r>
					<r>#######4............</r>
					<r>###############=##..</r>
					<r>###############=##..</r>
					<r>###############=##..</r>
				</pattern>
			</segment> 
			<segment id ="cyan_u_d">
				<pattern>
					<r>##############=#....</r>
					<r>##############=#....</r>
					<r>#####.........=....4</r>
					<r>####.....3....=....4</r>
					<r>####.......5..=.....</r>
					<r>#####=#########.....</r>
					<r>#####=#########.....</r>
					<r>##----..............</r>
					<r>##----..###....###..</r>
					<r>##----..............</r>
					<r>#########=##......6.</r>
					<r>#########=##........</r>
				</pattern>
			</segment> 
			<segment id ="cyan_u_d">
				<pattern>
					<r>#########=##........</r>
					<r>#########=##........</r>
					<r>#########--.........</r>
					<r>#########--.....4PP.</r>
					<r>############.....##.</r>
					<r>####--..............</r>
					<r>####--.......3......</r>
					<r>##----...1..........</r>
					<r>##----..###....## ..</r>
					<r>##----..............</r>
					<r>##=########PPPPPPPPP</r>
					<r>##=#################</r>
				</pattern>
			</segment>
			<segment id ="cyan_u_r">
				<pattern>
					<r>##=#################</r>
					<r>##=#################</r>
					<r>##=.................</r>
					<r>##=.................</r>
					<r>##=..............6..</r>
					<r>##...........3......</r>
					<r>##..................</r>
					<r>##..................</r>
					<r>#######.............</r>
					<r>#########..1.....5..</r>
					<r>####################</r>
					<r>####################</r>
				</pattern>
			</segment>
				<segment id ="cyan_gate">
				<pattern>
					<r>..................##</r>
					<r>..................##</r>
					<r>.....3......3.....##</r>
					<r>...............6..#W</r>
					<r>..................##</r>
					<r>..................00</r>
					<r>..............6...00</r>
					<r>..................00</r>
					<r>..................##</r>
					<r>..5..........6.4####</r>
					<r>####################</r>
					<r>####################</r>
				</pattern>
			</segment>
			<segment id ="cutmanLair_l_r">
				<pattern>
					<r>                    </r>
					<r>                    </r>
					<r>                    </r>
					<r>                    </r>
					<r>####################</r>
					<r>####################</r>
					<r>********************</r>
					<r>********************</r>
					<r>####################</r>
					<r>####################</r>
					<r>                    </r>
					<r>                    </r>
				</pattern>
			</segment>
			<segment id ="cutmanLair">
				<pattern>
					<r>####################</r>
					<r>#******************#</r>
					<r>#******************#</r>
					<r>#******************#</r>
					<r>#******************#</r>
					<r>#******************#</r>
					<r>0******************#</r>
					<r>0******************#</r>
					<r>#******************#</r>
					<r>######*************#</r>
					<r>######**********C**#</r>
					<r>####################</r>
				</pattern>
			</segment>
		</segments>
	</level>
	<level 
	id = "FIREMAN"
		name = "Fire Man"
		pic1 = "      "
		pic2 = "  Y  "
		pic3 = " &lt;T&gt;  "
		pic4 = " / \  "
		pic5 = "      "
		color = "12"
		>
		<segments>
			<segment id ="start">
				<pattern>
					<r>w-----......--------</r>
					<r>w-----......--------</r>
					<r>w-----......--------</r>
					<r>wswwwwwwwwwwwwwwwwww</r>
					<r>ws-----------------w</r>
					<r>ws-----------------w</r>
					<r>wwwwwwwwwwwwwwwwwwsw</r>
					<r>w-----------------sw</r>
					<r>w--S--------------sw</r>
					<r>wwwwwwwwwwwwwwwwwwww</r>
					<r>ffffffffffffffffffff</r>
					<r>ffffffffffffffffffff</r>
				</pattern>
			</segment>
			<segment id ="cyan_l_r">
				<pattern>
					<r>--..........--------</r>
					<r>--..........--------</r>
					<r>------....1.--------</r>
					<r>wwwwwwwwwwwwwwwwwwsw</r>
					<r>w-----------------sw</r>
					<r>w-----------------sw</r>
					<r>wswwwwwwwwwwwwwwwwww</r>
					<r>ws------------------</r>
					<r>ws------------------</r>
					<r>wwwwwwwwwwwwwwwwwwww</r>
					<r>ffffffffffffffffffff</r>
					<r>ffffffffffffffffffff</r>
				</pattern>
			</segment>
			<segment id ="cyan_l_u">
				<pattern>
					<r>w.=........-----#=##</r>
					<r>w.=..2.....-----#=##</r>
					<r>w.=.....1..------=##</r>
					<r>w....wsww---########</r>
					<r>wwww.wsww-------####</r>
					<r>w.wwww...-------####</r>
					<r>.........wwww---####</r>
					<r>..........-----#####</r>
					<r>......ww..-----#####</r>
					<r>wwww..ww..wwwwwww###</r>
					<r>ffffffffffffffffffff</r>
					<r>ffffffffffffffffffff</r>
				</pattern>
			</segment>
			<segment id ="cyan_d_u">
				<pattern>
					<r>w.=........-----#=##</r>
					<r>w.=........-----#=##</r>
					<r>w.=.....1..------=##</r>
					<r>w....wsww-wwwwws####</r>
					<r>w..w.wsww------s####</r>
					<r>w.wwww...------s####</r>
					<r>.........wwww--s####</r>
					<r>ww3.......-------###</r>
					<r>ww....1w..--------##</r>
					<r>wwswwwwwwwwwwwwwws##</r>
					<r>..s..............s..</r>
					<r>..s..............s..</r>
				</pattern>
			</segment>
			<segment id ="cyan_d_u">
				<pattern>
					<r>ww=wwwwwwwwwwwwww=##</r>
					<r>w.=........-----#=##</r>
					<r>w.=.....1..------=##</r>
					<r>wwwwwwwwwwwwwwws####</r>
					<r>w..w.wwww------s####</r>
					<r>w.wwww...------s####</r>
					<r>.........wwsw--s####</r>
					<r>ww........-s---#####</r>
					<r>ww..1.ww..-s------##</r>
					<r>wwswwwwwwwwwwwwwws##</r>
					<r>..s..............s..</r>
					<r>..s..............s..</r>
				</pattern>
			</segment>
			<segment id ="cyan_d_u">
				<pattern>
					<r>..=..############=##</r>
					<r>..=..----########=##</r>
					<r>3.=..---------###=##</r>
					<r>..####s##---------##</r>
					<r>.....-s-----------##</r>
					<r>.3...-s----------###</r>
					<r>.....-----------####</r>
					<r>...-----www-----####</r>
					<r>...ww---www--------#</r>
					<r>...##---www--------#</r>
					<r>..=#######www####=##</r>
					<r>..=#######wwww###=##</r>
				</pattern>
			</segment>
			<segment id ="cyan_d_r">
				<pattern>
					<r>....................</r>
					<r>....................</r>
					<r>....................</r>
					<r>............wwwwwwww</r>
					<r>............wwwwwwww</r>
					<r>............wwwwwwww</r>
					<r>....................</r>
					<r>.................1..</r>
					<r>......5........#####</r>
					<r>..=#################</r>
					<r>..=#################</r>
					<r>..=#################</r>
				</pattern>
			</segment>
			<segment id ="cyan_l_r">
				<pattern>
					<r>....................</r>
					<r>....................</r>
					<r>.......3.........3..</r>
					<r>....................</r>
					<r>.............5.....6</r>
					<r>......5...##########</r>
					<r>...#################</r>
					<r>####################</r>
					<r>####################</r>
					<r>####################</r>
					<r>####################</r>
					<r>####################</r>
				</pattern>
			</segment>
				<segment id ="cyan_l_d">
				<pattern>
					<r>....................</r>
					<r>....................</r>
					<r>....................</r>
					<r>....................</r>
					<r>.......1....5.......</r>
					<r>###############.....</r>
					<r>###############.....</r>
					<r>#######4............</r>
					<r>#######4............</r>
					<r>###############=##..</r>
					<r>###############=##..</r>
					<r>###############=##..</r>
				</pattern>
			</segment> 
			<segment id ="cyan_u_d">
				<pattern>
					<r>##############=#....</r>
					<r>##############=#....</r>
					<r>#####.........=....4</r>
					<r>####.....3....=....4</r>
					<r>####.......5..=.....</r>
					<r>#####=#########.....</r>
					<r>#####=#########.....</r>
					<r>##----..............</r>
					<r>##----..###....###..</r>
					<r>##----..............</r>
					<r>#########=##......6.</r>
					<r>#########=##........</r>
				</pattern>
			</segment> 
			<segment id ="cyan_u_d">
				<pattern>
					<r>#########=##........</r>
					<r>#########=##........</r>
					<r>#########--.........</r>
					<r>#########--.....4PP.</r>
					<r>############.....##.</r>
					<r>####--..............</r>
					<r>####--.......3......</r>
					<r>##----...1..........</r>
					<r>##----..###....## ..</r>
					<r>##----..............</r>
					<r>##=########PPPPPPPPP</r>
					<r>##=#################</r>
				</pattern>
			</segment>
			<segment id ="cyan_u_r">
				<pattern>
					<r>##=#################</r>
					<r>##=#################</r>
					<r>##=.................</r>
					<r>##=.................</r>
					<r>##=..............6..</r>
					<r>##...........3......</r>
					<r>##..................</r>
					<r>##..................</r>
					<r>#######.............</r>
					<r>#########..1.....5..</r>
					<r>####################</r>
					<r>####################</r>
				</pattern>
			</segment>
				<segment id ="cyan_gate">
				<pattern>
					<r>..................##</r>
					<r>..................##</r>
					<r>.....3......3.....##</r>
					<r>...............6..#W</r>
					<r>..................#W</r>
					<r>..................##</r>
					<r>..............6...00</r>
					<r>..................00</r>
					<r>..................##</r>
					<r>..5..........6.4####</r>
					<r>####################</r>
					<r>####################</r>
				</pattern>
			</segment>
			<segment id ="cutmanLair_l_r">
				<pattern>
					<r>                    </r>
					<r>                    </r>
					<r>                    </r>
					<r>                    </r>
					<r>####################</r>
					<r>####################</r>
					<r>********************</r>
					<r>********************</r>
					<r>####################</r>
					<r>####################</r>
					<r>                    </r>
					<r>                    </r>
				</pattern>
			</segment>
			<segment id ="cutmanLair">
				<pattern>
					<r>####################</r>
					<r>#******************#</r>
					<r>#******************#</r>
					<r>#******************#</r>
					<r>#******************#</r>
					<r>#******************#</r>
					<r>0******************#</r>
					<r>0******************#</r>
					<r>#******************#</r>
					<r>######*************#</r>
					<r>######*************#</r>
					<r>####################</r>
				</pattern>
			</segment>
		</segments>
	</level>
	
	
</levels>