<monsters>
	<monster id = "KAMADOMA_RED">
		<selector>
			<sel_kamadoma/>
		</selector>
	</monster>
	<monster id = "BOMBOMBOMB_BLUE">
		<selector>
			<sel_bombombomb/>
		</selector>
	</monster>
	<monster id = "BOMBOMBOMBBOMB">
		<selector>
			<sel_bombombombbomb/>
		</selector>
	</monster>
	<monster id = "SUZYBOT">
		<selector>
			<sel_suzybot/>
		</selector>
	</monster>
	<monster id = "BLASTER">
		<selector>
			<sel_blaster/>
		</selector>
	</monster>
	<monster id = "ENEMYSHOT">
		<selector>
			<sel_null/>
		</selector>
	</monster>
	<monster id = "PLASMASHOT">
		<selector>
			<sel_null/>
		</selector>
	</monster>
	<monster id = "ROLLING_CUTTER">
		<selector>
			<sel_null/>
		</selector>
	</monster>	
	<monster id = "BOMBMANBOMB">
		<selector>
			<sel_timedbomb/>
		</selector>
	</monster>	
	<monster id = "HYPERBOMB">
		<selector>
			<sel_timedbomb/>
		</selector>
	</monster>
	<monster id = "GABYOALL">
		<selector>
			<sel_gabyoall/>
		</selector>
	</monster>
	<monster id = "KILLERBOMB">
		<selector>
			<sel_killerbomb/>
		</selector>
	</monster>
	<monster id = "MAMBU">
		<selector>
			<sel_mambu/>
		</selector>
	</monster>
	<monster id = "BOMBMAN">
		<selector>
			<sel_bombman/>
		</selector>
	</monster>
		<monster id = "CUTMAN">
		<selector>
			<sel_cutman/>
		</selector>
	</monster>
</monsters>

